<datapower-configuration version="3"><export-details><description>Exported Configuration</description><user>admin</user><domain>test-policy</domain><comment/><product-id>5725</product-id><product>IDG</product><display-product>IDG</display-product><model>IBM DataPower Gateway</model><display-model>IBM DataPower Gateway</display-model><device-name>9.42.102.139:9090</device-name><serial-number>0000000</serial-number><firmware-version>IDG.7.2.0.0</firmware-version><display-firmware-version>IDG.7.2.0.0</display-firmware-version><firmware-build>262935</firmware-build><firmware-timestamp>2015/06/10 10:22:14</firmware-timestamp><current-date>2015-08-04</current-date><current-time>12:14:05 EDT</current-time><reset-date>2015-07-23</reset-date><reset-time>07:34:17 EDT</reset-time><login-message/><custom-ui-file/></export-details><interface-data><interface name="eth0" type="Ethernet" vers="ipv4" ip-addr="9.42.102.139"/></interface-data><configuration domain="test-policy"><StylePolicyAction name="jwe-encrypt-get-payload" xmlns:env="http://www.w3.org/2003/05/soap-envelope" xmlns:dp="http://www.datapower.com/schemas/management">
<mAdminState>enabled</mAdminState>
<Type>xform</Type>
<Input>NULL</Input>
<Transform>local:///policy/jwe-encrypt/payload.xsl</Transform>
<ActionDebug persisted="false">off</ActionDebug>
<Output>INPUT</Output>
<NamedInOutLocationType>default</NamedInOutLocationType>
<SSLClientConfigType>proxy</SSLClientConfigType>
<OutputType>default</OutputType>
<Transactional>off</Transactional>
<SOAPValidation>body</SOAPValidation>
<SQLSourceType>static</SQLSourceType>
<JWSVerifyStripSignature>on</JWSVerifyStripSignature>
<Asynchronous>off</Asynchronous>
<ResultsMode>first-available</ResultsMode>
<RetryCount>0</RetryCount>
<RetryInterval>1000</RetryInterval>
<MultipleOutputs>off</MultipleOutputs>
<IteratorType>XPATH</IteratorType>
<Timeout>0</Timeout>
<MethodRewriteType>GET</MethodRewriteType>
<MethodType>POST</MethodType>
<MethodType2>POST</MethodType2></StylePolicyAction><StylePolicyAction name="jwe-encrypt-run" xmlns:env="http://www.w3.org/2003/05/soap-envelope" xmlns:dp="http://www.datapower.com/schemas/management">
<mAdminState>enabled</mAdminState>
<Type>gatewayscript</Type>
<Input>INPUT</Input>
<GatewayScriptLocation>local:///policy/jwe-encrypt/encrypt.js</GatewayScriptLocation>
<ActionDebug persisted="false">off</ActionDebug>
<Output>INPUT</Output>
<NamedInOutLocationType>default</NamedInOutLocationType>
<SSLClientConfigType>proxy</SSLClientConfigType>
<Transactional>off</Transactional>
<SOAPValidation>body</SOAPValidation>
<SQLSourceType>static</SQLSourceType>
<JWSVerifyStripSignature>on</JWSVerifyStripSignature>
<Asynchronous>off</Asynchronous>
<ResultsMode>first-available</ResultsMode>
<RetryCount>0</RetryCount>
<RetryInterval>1000</RetryInterval>
<MultipleOutputs>off</MultipleOutputs>
<IteratorType>XPATH</IteratorType>
<Timeout>0</Timeout>
<MethodRewriteType>GET</MethodRewriteType>
<MethodType>POST</MethodType>
<MethodType2>POST</MethodType2></StylePolicyAction><HTTPInputConversionMap name="jwe-encrypt-json-input-enc" xmlns:env="http://www.w3.org/2003/05/soap-envelope" xmlns:dp="http://www.datapower.com/schemas/management">
<mAdminState>enabled</mAdminState>
<DefaultInputEncoding>json</DefaultInputEncoding></HTTPInputConversionMap><StylePolicyAction name="jwe-encrypt-json2jsonx" xmlns:env="http://www.w3.org/2003/05/soap-envelope" xmlns:dp="http://www.datapower.com/schemas/management">
<mAdminState>enabled</mAdminState>
<Type>convert-http</Type>
<Input>INPUT</Input>
<InputLanguage>json</InputLanguage>
<TransformLanguage>xquery</TransformLanguage>
<ActionDebug persisted="false">off</ActionDebug>
<TxMode>default</TxMode>
<Output>INPUT</Output>
<NamedInOutLocationType>default</NamedInOutLocationType>
<InputConversion class="HTTPInputConversionMap">jwe-encrypt-json-input-enc</InputConversion>
<SSLClientConfigType>proxy</SSLClientConfigType>
<OutputType>default</OutputType>
<Transactional>off</Transactional>
<SOAPValidation>body</SOAPValidation>
<SQLSourceType>static</SQLSourceType>
<JOSESerializationType>compact</JOSESerializationType>
<JWEEncAlgorithm>A128CBC-HS256</JWEEncAlgorithm>
<JOSEVerifyType>identifiers</JOSEVerifyType>
<JOSEDecryptType>identifiers</JOSEDecryptType>
<JWSVerifyStripSignature>on</JWSVerifyStripSignature>
<Asynchronous>off</Asynchronous>
<ResultsMode>first-available</ResultsMode>
<RetryCount>0</RetryCount>
<RetryInterval>1000</RetryInterval>
<MultipleOutputs>off</MultipleOutputs>
<IteratorType>XPATH</IteratorType>
<Timeout>0</Timeout>
<MethodRewriteType>GET</MethodRewriteType>
<MethodType>POST</MethodType>
<MethodType2>POST</MethodType2></StylePolicyAction><StylePolicyAction name="jwe-encrypt-set-output" xmlns:env="http://www.w3.org/2003/05/soap-envelope" xmlns:dp="http://www.datapower.com/schemas/management">
<mAdminState>enabled</mAdminState>
<Type>xform</Type>
<Input>INPUT</Input>
<Transform>local:///policy/jwe-encrypt/output.xsl</Transform>
<ActionDebug persisted="false">off</ActionDebug>
<Output>OUTPUT</Output>
<NamedInOutLocationType>default</NamedInOutLocationType>
<SSLClientConfigType>proxy</SSLClientConfigType>
<OutputType>default</OutputType>
<Transactional>off</Transactional>
<SOAPValidation>body</SOAPValidation>
<SQLSourceType>static</SQLSourceType>
<JWSVerifyStripSignature>on</JWSVerifyStripSignature>
<Asynchronous>off</Asynchronous>
<ResultsMode>first-available</ResultsMode>
<RetryCount>0</RetryCount>
<RetryInterval>1000</RetryInterval>
<MultipleOutputs>off</MultipleOutputs>
<IteratorType>XPATH</IteratorType>
<Timeout>0</Timeout>
<MethodRewriteType>GET</MethodRewriteType>
<MethodType>POST</MethodType>
<MethodType2>POST</MethodType2></StylePolicyAction><StylePolicyRule name="jwe-encrypt-main" xmlns:env="http://www.w3.org/2003/05/soap-envelope" xmlns:dp="http://www.datapower.com/schemas/management">
<mAdminState>enabled</mAdminState>
<Direction>request-rule</Direction>
<InputFormat>none</InputFormat>
<OutputFormat>none</OutputFormat>
<NonXMLProcessing>on</NonXMLProcessing>
<Unprocessed>off</Unprocessed>
<Actions class="StylePolicyAction">jwe-encrypt-get-payload</Actions>
<Actions class="StylePolicyAction">jwe-encrypt-run</Actions>
<Actions class="StylePolicyAction">jwe-encrypt-json2jsonx</Actions>
<Actions class="StylePolicyAction">jwe-encrypt-set-output</Actions></StylePolicyRule></configuration><files><file name="local:///policy/jwe-encrypt/payload.xsl" src="local/policy/jwe-encrypt/payload.xsl" location="local" hash="s25brOmLqIfY30DFp34pHE7FnzI="/><file name="local:///isp/policy/apim.custom.xsl" src="local/isp/policy/apim.custom.xsl" location="local" missing="true"/><file name="local:///policy/jwe-encrypt/encrypt.js" src="local/policy/jwe-encrypt/encrypt.js" location="local" hash="15iYsggsFDlxziZEVIXbk6QKBMI="/><file name="local:///policy/jwe-encrypt/output.xsl" src="local/policy/jwe-encrypt/output.xsl" location="local" hash="ZzyWf2/DxEMwXTXx7do1uKVVCtU="/><file name="webgui:///clixform.xsl" src="dp-aux/clixform.xsl" location="dp-aux" internal="true" hash="yGMzmqDC5iBm2ZIMGPEzl7A2mso="/><file name="webgui:///SchemaUtil.xsl" src="dp-aux/SchemaUtil.xsl" location="dp-aux" internal="true" hash="+CayzuEqM17TWlM3IC3n2NlcfsI="/><file name="webgui:///management.xsl" src="dp-aux/management.xsl" location="dp-aux" internal="true" hash="EOeJnfXfGxgKVTgNTGthBkYOdf4="/><file name="webgui:///map-dmz.xsl" src="dp-aux/map-dmz.xsl" location="dp-aux" internal="true" hash="n00B2bmGoH6OdSOW1QRz/SNVbYc="/><file name="webgui:///drMgmt.xml" src="dp-aux/drMgmt.xml" location="dp-aux" internal="true" hash="b7dWUrvNM7MxZnpGo79CnlbAFKE="/><file name="webgui:///basetypes.xml" src="dp-aux/basetypes.xml" location="dp-aux" internal="true" hash="pwOz4NntLrPtIuyC4CSPxGnlghM="/></files></datapower-configuration>